code,name_en,capital_en
ABY,Abyan,Zinjibar
ADN,Aden,Aden
DHA,Al Dhale'e,Ad Dhale'e
BAY,Al Bayda,Al Bayda
HOD,Al Hudaydah,Al Hudaydah
JAW,Al Jawf,Al Hazm
MAH,Al Mahrah,Al Ghaydah
MHW,Al Mahwit,Al Mahwit
SAC,Amanat Al Asimah,Sana'a (City)
AMR,Amran,Amran
SOC,Socotra,Hadibu
DHM,Dhamar,Dhamar
HAD,Hadhramaut,Mukalla
HAJ,Hajjah,Hajjah
IBB,Ibb,Ibb
LAH,Lahij,Al Hawtah
MAR,Ma'rib,Ma'rib
RAY,Raymah,Al Jabin
SAD,Sa'dah,Sa'dah
SAN,Sana'a,Sana'a
SHB,Shabwah,Ataq
TAI,Ta'izz,Ta'izz
